{"assets/1.png":["assets/1.png"],"assets/2.png":["assets/2.png"],"assets/AnticDidone-Regular.ttf":["assets/AnticDidone-Regular.ttf"],"assets/Group 46 (1).svg":["assets/Group 46 (1).svg"],"assets/Group 46.png":["assets/Group 46.png"],"assets/Group 47.png":["assets/Group 47.png"],"assets/Group 48.png":["assets/Group 48.png"],"assets/Group 49.png":["assets/Group 49.png"],"assets/Group 50.png":["assets/Group 50.png"],"assets/Screenshot From 2025-04-15 16-24-11.png":["assets/Screenshot From 2025-04-15 16-24-11.png"],"assets/app icon.png":["assets/app icon.png"],"assets/app.jpg":["assets/app.jpg"],"assets/cal.png":["assets/cal.png"],"assets/doctors.png":["assets/doctors.png"],"assets/env.png":["assets/env.png"],"assets/g48.png":["assets/g48.png"],"assets/image copy.png":["assets/image copy.png"],"assets/image.png":["assets/image.png"],"assets/photo_1_2025-04-14_16-03-36.jpg":["assets/photo_1_2025-04-14_16-03-36.jpg"],"assets/photo_2_2025-04-14_16-03-36.jpg":["assets/photo_2_2025-04-14_16-03-36.jpg"],"assets/photo_4_2025-03-15_10-37-19.jpg":["assets/photo_4_2025-03-15_10-37-19.jpg"],"assets/register.png":["assets/register.png"],"assets/register2.png":["assets/register2.png"],"packages/cupertino_icons/assets/CupertinoIcons.ttf":["packages/cupertino_icons/assets/CupertinoIcons.ttf"],"packages/fluttertoast/assets/toastify.css":["packages/fluttertoast/assets/toastify.css"],"packages/fluttertoast/assets/toastify.js":["packages/fluttertoast/assets/toastify.js"],"packages/font_awesome_flutter/lib/fonts/fa-brands-400.ttf":["packages/font_awesome_flutter/lib/fonts/fa-brands-400.ttf"],"packages/font_awesome_flutter/lib/fonts/fa-regular-400.ttf":["packages/font_awesome_flutter/lib/fonts/fa-regular-400.ttf"],"packages/font_awesome_flutter/lib/fonts/fa-solid-900.ttf":["packages/font_awesome_flutter/lib/fonts/fa-solid-900.ttf"]}